Workbook

Sheet #Info
A1: ContainerMaterial
A2: 容器材質列舉
A4: 容器大小列舉
A5: ContainerData
A6: 容器屬性表
H13: 參數格 | I13: 標籤 | J13: 對應屬性 | K13: 判定邏輯 (Logic Example) | L13: 文本範例 (Text)
H14: {0} | I14: 額外描述 | J14: ExtraDesc | K14: 讀表資料 | L14: "入門"、"適合量產"
H15: {1} | I15: 定位/特色 | J15: FeatureDesc | K15: 讀表資料 | L15: "比土罐好用多了，"、""
H16: {2} | I16: 耐久 | J16: DurabilityMax | K16: >= 100 | L16: "結構尚可"
K17: 30 ~ 99 | L17: "質地脆弱"
K18: < 30 | L18: "容量大"
H19: {3} | I19: 容量 | J19: CapacityDesc | K19: 讀表資料 | L19: "容量小巧"、"容量略小"
H20: {4} | I20: 價格加成 | J20: BonusPrice | K20: == 1.0 | L20: "對於價格沒有任何影響"
K21: > 1.0 | L21: "能使價格小幅提升"
K22: > 2.0 | L22: "能極大的提升丹藥價值"
H23: {5} | I23: 藥性過程 | K23: > 1.0 | L23: "能夠幫助藥性發揮"
K24: == 1.0 | L24: ""
K25: < 1.0 | L25: "會吸收部分藥性"
H26: {6} | I26: 藥性結果 | K26: > 1.0 | L26: "能使藥性略為加強"
K27: == 1.0 | L27: "穩定維持原本藥性"
K28: < 1.0 | L28: "會有部分藥性流失"
H29: {7} | I29: 修補材料 | J29: RepairMatID | K29: 讀表資料

Sheet ContainerMaterial
A1: Index | B1: 容器材質ID | C1: 材質名稱 | D1: 定位/特色敘述 | E1: 材質係數 | F1: 最佳修補材料 | G1: 價格加成 | H1: 容器藥性係數
A2: Index | B2: MaterialID | C2: MaterialName | D2: FeatureDesc | E2: MateriaMult | F2: RepairMatID | G2: BonusPrice | H2: BonusEfficacy
A3: uint32 | B3: string | C3: string | D3: string | E3: float | F3: string | G3: float | H3: float
A4: 1 | B4: 01 | C4: 陶 | D4: 比土罐好用多了 | E4: 1 | F4: 金剛泥 | G4: 1 | H4: 0.5
A5: 2 | B5: 02 | C5: 土 | E5: 1.5 | F5: 有毒土塊 | G5: 1 | H5: 0.4
A6: 3 | B6: 03 | C6: 瓷 | E6: 0.5 | F6: 金剛泥 | G6: 1.2 | H6: 0.8
A7: 4 | B7: 04 | C7: 竹 | E7: 1.2 | F7: 黏稠的漿糊 | G7: 1.1 | H7: 1
A8: 5 | B8: 05 | C8: 鐵 | E8: 1.2 | F8: 除鏽液 | G8: 1 | H8: 1.2
A9: 6 | B9: 06 | C9: 銅 | E9: 1.1 | F9: 除鏽液 | G9: 1.1 | H9: 1
A10: 7 | B10: 07 | C10: 銀 | E10: 0.8 | F10: 汞精 | G10: 1.5 | H10: 1.2
A11: 8 | B11: 08 | C11: 金 | E11: 0.2 | F11: 汞精 | G11: 3 | H11: 1
A12: 9 | B12: 09 | C12: 鉛 | E12: 2 | F12: 有毒土塊 | G12: 1 | H12: 1.5
A13: 10 | B13: 10 | C13: 合金 | E13: 1 | F13: 五色藥渣 | G13: 1.5 | H13: 1.2

Sheet ContainerCapacity
A1: Index | B1: 容器容量ID | C1: 容量名稱 | D1: 容量敘述 | E1: 容量係數 | F1: 單一材料上限(錢)
A2: Index | B2: CapacityID | C2: CapacityClass | D2: CapacityDesc | E2: CapacityMult | F2: CapacitySingle
A3: uint32 | B3: string | C3: string | D3: string | E3: float | F3: float
A4: 1 | B4: 01 | C4: 小 | D4: 容量小巧 | E4: 1 | F4: 10
A5: 2 | B5: 02 | C5: 較小 | D5: 容量略小 | E5: 2 | F5: 20
A6: 3 | B6: 03 | C6: 中 | E6: 3 | F6: 30
A7: 4 | B7: 04 | C7: 較大 | D7: 容量大 | E7: 4 | F7: 50
A8: 5 | B8: 05 | C8: 大 | D8: 容量極大 | E8: 5 | F8: 100

Sheet ContainerData
A1: Index | B1: 容器ID | C1: 解鎖等級 | D1: 容器名稱 | E1: 材質 | F1: 容器容量 | G1: 導熱效率 | H1: 副產品產量 | I1: 耐久 | J1: 成本 | K1: X軸大小比 | L1: Y軸大小比 | M1: Z軸大小比 | N1: 額外描述 | O1: #備註
A2: Index | B2: ContainerID | C2: LevelReq | D2: ContainerName | E2: MaterialType | F2: CapacityClass | G2: HeatSensitivity | H2: SubProdYield | I2: DurabilityMax | J2: Cost | K2: ScaleX | L2: ScaleY | M2: ScaleZ | N2: ExtraDesc
A3: uint32 | B3: string | C3: uint32 | D3: string | E3: uint32 | F3: uint32 | G3: float | H3: uint32 | I3: uint32 | J3: uint32 | K3: float | L3: float | M3: float | N3: string
A4: 1 | B4: =C4&INDEX(ContainerMaterial!B:B,MATCH(E4,ContainerMaterial!C:C,0))&INDEX(ContainerCapacity!B:B,MATCH(F4,ContainerCapacity!C:C,0)) -> 10103 | C4: 1 | D4: 標準陶釜 | E4: 陶 | F4: 中 | G4: 0.6 | H4: =ROUND(INDEX(ContainerMaterial!E:E,MATCH(E4,ContainerMaterial!C:C,0))*INDEX(ContainerCapacity!E:E,MATCH(F4,ContainerCapacity!C:C,0)),0) -> 3 | I4: 50 | J4: 500 | K4: 1.5 | L4: 1.5 | M4: 1.5 | N4: 入門
A5: 2 | B5: =C5&INDEX(ContainerMaterial!B:B,MATCH(E5,ContainerMaterial!C:C,0))&INDEX(ContainerCapacity!B:B,MATCH(F5,ContainerCapacity!C:C,0)) -> 10202 | C5: 1 | D5: 粗製土罐 | E5: 土 | F5: 較小 | G5: 0.4 | H5: =ROUND(INDEX(ContainerMaterial!E:E,MATCH(E5,ContainerMaterial!C:C,0))*INDEX(ContainerCapacity!E:E,MATCH(F5,ContainerCapacity!C:C,0)),0) -> 3 | I5: 20 | J5: 100 | K5: 1.5 | L5: 1 | M5: 1.5
A6: 3 | B6: =C6&INDEX(ContainerMaterial!B:B,MATCH(E6,ContainerMaterial!C:C,0))&INDEX(ContainerCapacity!B:B,MATCH(F6,ContainerCapacity!C:C,0)) -> 20302 | C6: 2 | D6: 白玉瓷鼎 | E6: 瓷 | F6: 較小 | G6: 0.8 | H6: =ROUND(INDEX(ContainerMaterial!E:E,MATCH(E6,ContainerMaterial!C:C,0))*INDEX(ContainerCapacity!E:E,MATCH(F6,ContainerCapacity!C:C,0)),0) -> 1 | I6: 30 | J6: 1200 | K6: 2 | L6: 1.5 | M6: 2
A7: 4 | B7: =C7&INDEX(ContainerMaterial!B:B,MATCH(E7,ContainerMaterial!C:C,0))&INDEX(ContainerCapacity!B:B,MATCH(F7,ContainerCapacity!C:C,0)) -> 20401 | C7: 2 | D7: 湘妃竹筒 | E7: 竹 | F7: 小 | G7: 0.3 | H7: =ROUND(INDEX(ContainerMaterial!E:E,MATCH(E7,ContainerMaterial!C:C,0))*INDEX(ContainerCapacity!E:E,MATCH(F7,ContainerCapacity!C:C,0)),0) -> 1 | I7: 10 | J7: 200 | K7: 1 | L7: 1.5 | M7: 1
A8: 5 | B8: =C8&INDEX(ContainerMaterial!B:B,MATCH(E8,ContainerMaterial!C:C,0))&INDEX(ContainerCapacity!B:B,MATCH(F8,ContainerCapacity!C:C,0)) -> 30505 | C8: 3 | D8: 玄鐵丹爐 | E8: 鐵 | F8: 大 | G8: 1.2 | H8: =ROUND(INDEX(ContainerMaterial!E:E,MATCH(E8,ContainerMaterial!C:C,0))*INDEX(ContainerCapacity!E:E,MATCH(F8,ContainerCapacity!C:C,0)),0) -> 6 | I8: 100 | J8: 2500 | K8: 3.5 | L8: 5 | M8: 3.5 | N8: 適合量產
A9: 6 | B9: =C9&INDEX(ContainerMaterial!B:B,MATCH(E9,ContainerMaterial!C:C,0))&INDEX(ContainerCapacity!B:B,MATCH(F9,ContainerCapacity!C:C,0)) -> 40603 | C9: 4 | D9: 赤銅八卦爐 | E9: 銅 | F9: 中 | G9: 1.5 | H9: =ROUND(INDEX(ContainerMaterial!E:E,MATCH(E9,ContainerMaterial!C:C,0))*INDEX(ContainerCapacity!E:E,MATCH(F9,ContainerCapacity!C:C,0)),0) -> 3 | I9: 80 | J9: 4000 | K9: 3 | L9: 2 | M9: 3.5
A10: 7 | B10: =C10&INDEX(ContainerMaterial!B:B,MATCH(E10,ContainerMaterial!C:C,0))&INDEX(ContainerCapacity!B:B,MATCH(F10,ContainerCapacity!C:C,0)) -> 50702 | C10: 5 | D10: 純銀試毒皿 | E10: 銀 | F10: 較小 | G10: 2 | H10: =ROUND(INDEX(ContainerMaterial!E:E,MATCH(E10,ContainerMaterial!C:C,0))*INDEX(ContainerCapacity!E:E,MATCH(F10,ContainerCapacity!C:C,0)),0) -> 2 | I10: 60 | J10: 8000 | K10: 1.5 | L10: 2 | M10: 1.5
A11: 8 | B11: =C11&INDEX(ContainerMaterial!B:B,MATCH(E11,ContainerMaterial!C:C,0))&INDEX(ContainerCapacity!B:B,MATCH(F11,ContainerCapacity!C:C,0)) -> 50802 | C11: 5 | D11: 紫金乾坤鼎 | E11: 金 | F11: 較小 | G11: 2.5 | H11: =ROUND(INDEX(ContainerMaterial!E:E,MATCH(E11,ContainerMaterial!C:C,0))*INDEX(ContainerCapacity!E:E,MATCH(F11,ContainerCapacity!C:C,0)),0) -> 0 | I11: 200 | J11: 25000 | K11: 2 | L11: 2 | M11: 2
A12: 9 | B12: =C12&INDEX(ContainerMaterial!B:B,MATCH(E12,ContainerMaterial!C:C,0))&INDEX(ContainerCapacity!B:B,MATCH(F12,ContainerCapacity!C:C,0)) -> 50904 | C12: 5 | D12: 黑鉛聚汞洗 | E12: 鉛 | F12: 較大 | G12: 1 | H12: =ROUND(INDEX(ContainerMaterial!E:E,MATCH(E12,ContainerMaterial!C:C,0))*INDEX(ContainerCapacity!E:E,MATCH(F12,ContainerCapacity!C:C,0)),0) -> 8 | I12: 70 | J12: 3500 | K12: 2.5 | L12: 4 | M12: 3
A13: 10 | B13: =C13&INDEX(ContainerMaterial!B:B,MATCH(E13,ContainerMaterial!C:C,0))&INDEX(ContainerCapacity!B:B,MATCH(F13,ContainerCapacity!C:C,0)) -> 61001 | C13: 6 | D13: 五行混元爐·小巧 | E13: 合金 | F13: 小 | G13: 1 | H13: =ROUND(INDEX(ContainerMaterial!E:E,MATCH(E13,ContainerMaterial!C:C,0))*INDEX(ContainerCapacity!E:E,MATCH(F13,ContainerCapacity!C:C,0)),0) -> 1 | I13: 500 | J13: 20000 | K13: 1.5 | L13: 1 | M13: 1.5
A14: 11 | B14: =C14&INDEX(ContainerMaterial!B:B,MATCH(E14,ContainerMaterial!C:C,0))&INDEX(ContainerCapacity!B:B,MATCH(F14,ContainerCapacity!C:C,0)) -> 61003 | C14: 6 | D14: 五行混元爐·太極 | E14: 合金 | F14: 中 | G14: 1 | H14: =ROUND(INDEX(ContainerMaterial!E:E,MATCH(E14,ContainerMaterial!C:C,0))*INDEX(ContainerCapacity!E:E,MATCH(F14,ContainerCapacity!C:C,0)),0) -> 3 | I14: 500 | J14: 35000 | K14: 3 | L14: 3 | M14: 3
A15: 12 | B15: =C15&INDEX(ContainerMaterial!B:B,MATCH(E15,ContainerMaterial!C:C,0))&INDEX(ContainerCapacity!B:B,MATCH(F15,ContainerCapacity!C:C,0)) -> 61004 | C15: 6 | D15: 五行混元爐·渾天 | E15: 合金 | F15: 較大 | G15: 1 | H15: =ROUND(INDEX(ContainerMaterial!E:E,MATCH(E15,ContainerMaterial!C:C,0))*INDEX(ContainerCapacity!E:E,MATCH(F15,ContainerCapacity!C:C,0)),0) -> 4 | I15: 500 | J15: 55000 | K15: 4 | L15: 4 | M15: 4
